ID_UTENTE,ID_SESSION
2,2942.602042942128
2,2637.0669384638763
2,2698.1291135892743
2,1842.80593458995
